0,,6:40 PM
1,,6:40 PM
2,,6:40 PM
3,,6:41 PM
4,,6:41 PM
5,,6:42 PM
6,,6:42 PM
7,,6:43 PM
8,,6:43 PM
9,,6:43 PM
10,,6:44 PM
11,,6:45 PM
12,,6:45 PM
13,,6:46 PM
14,,6:47 PM
15,,6:48 PM
16,,6:48 PM
17,,6:49 PM
18,,6:50 PM
19,,6:51 PM
20,,6:52 PM
21,,6:53 PM
22,,6:54 PM
23,,6:35 PM
24,,6:36 PM
25,,6:36 PM
26,,6:37 PM
27,,6:38 PM
28,,6:38 PM
29,,6:39 PM
30,,6:39 PM
31,,6:40 PM
32,,6:41 PM
33,,6:42 PM
34,,6:42 PM
35,,6:43 PM
36,,6:45 PM
37,,6:46 PM
38,,6:47 PM
39,,6:48 PM
40,,6:49 PM
41,,6:49 PM
42,,6:50 PM
43,,6:50 PM
44,,6:51 PM
45,,6:52 PM
46,,6:53 PM
47,,6:54 PM
48,,6:55 PM
49,,6:55 PM
50,,6:36 PM
51,,6:36 PM
52,,6:37 PM
53,,6:38 PM
54,,6:39 PM
55,,6:40 PM
56,,6:41 PM
57,,6:41 PM
58,,6:42 PM
59,,6:42 PM
60,,6:43 PM
61,,6:43 PM
62,,6:44 PM
63,,6:44 PM
64,,6:45 PM
65,,6:46 PM
66,,6:46 PM
67,,6:47 PM
68,,6:47 PM
69,,6:48 PM
70,,6:48 PM
71,,6:49 PM
72,,6:49 PM
73,,6:50 PM
74,,6:50 PM
75,,6:51 PM
76,,6:52 PM
77,,6:53 PM
78,,6:54 PM
79,,6:55 PM
80,,6:55 PM
81,,6:35 PM
82,,6:36 PM
83,,6:37 PM
84,,6:37 PM
85,,6:38 PM
86,,6:38 PM
87,,6:39 PM
88,,6:40 PM
89,,6:40 PM
90,,6:41 PM
91,,6:41 PM
92,,6:43 PM
93,,6:43 PM
94,,6:44 PM
95,,6:44 PM
96,,6:45 PM
97,,6:45 PM
98,,6:46 PM
99,,6:46 PM
0,,10:40 PM
1,,10:40 PM
2,,10:40 PM
3,,10:41 PM
4,,10:41 PM
5,,10:41 PM
6,,10:42 PM
7,,10:42 PM
8,,10:42 PM
9,,10:43 PM
10,,10:44 PM
11,,10:45 PM
12,,10:45 PM
13,,10:46 PM
14,,10:46 PM
15,,10:47 PM
16,,10:48 PM
17,,10:48 PM
18,,10:48 PM
19,,10:49 PM
20,,10:49 PM
21,,10:50 PM
22,,10:50 PM
23,,10:51 PM
24,,10:51 PM
25,,10:52 PM
26,,10:53 PM
27,,10:53 PM
28,,10:54 PM
29,,10:54 PM
30,,10:54 PM
31,,10:55 PM
32,,10:55 PM
33,,10:56 PM
34,,10:56 PM
35,,10:57 PM
36,,10:57 PM
37,,10:57 PM
38,,10:58 PM
39,,10:58 PM
40,,10:58 PM
41,,10:59 PM
42,,10:59 PM
43,,11:00 PM
44,,11:00 PM
45,,11:00 PM
46,,11:01 PM
47,,10:41 PM
48,,10:42 PM
49,,10:42 PM
50,,10:43 PM
51,,10:43 PM
52,,10:44 PM
53,,10:44 PM
54,,10:44 PM
55,,10:44 PM
56,,10:45 PM
57,,10:45 PM
58,,10:45 PM
59,,10:46 PM
60,,10:46 PM
61,,10:47 PM
62,,10:48 PM
63,,10:49 PM
64,,10:50 PM
65,,10:51 PM
66,,10:51 PM
67,,10:51 PM
68,,10:52 PM
69,,10:53 PM
70,,10:54 PM
71,,10:55 PM
72,,10:56 PM
73,,10:56 PM
74,,10:57 PM
75,,10:57 PM
76,,10:58 PM
77,,10:58 PM
78,,10:59 PM
79,,10:59 PM
80,,11:00 PM
81,,11:01 PM
82,,11:02 PM
83,,11:02 PM
84,,10:43 PM
85,,10:43 PM
86,,10:43 PM
87,,10:44 PM
88,,10:44 PM
89,,10:44 PM
90,,10:45 PM
